# 204, Aravind Sharavathi, Vijaya Bank Layout, BTM 4th Stage," Bannergatta Road
"
# 6/78, Flat no. - 106, Block-A, Lotus Petals, 1st Floor, off Bannergatta Road, Doddakamanahalli, near Meenakshi Mall, Kammanahalli," Gottigere
"
# C2-1306, SNN Raj Serenity," Begur - Koppa Road
"
#002,COMFORT FLORA," VIJAYA BANK LAYOUT BANNERGHATTA ROAD
"
#102, Sapthagiri Springs, BTS Layout, Arakere Main," Bannerghatta Road
"
#104, 2nd Floor, Siddharth Supreme Apartment, 1st Main, Anugraha Layout," Bilekahalli
"
#1503, Block C3, L&T South City, Arakere, MICO Layout," Bannergatta Road
"
#18/2,9TH A MAIN ,4TH CROSS," B.T.M 1ST STAGE
"
#185, 15th Main, BSK 1st Stage, 2nd Block," Hanumanthanagar
"
#2601, Spring Hill Building Hiranandani Estate, Patlipada, G.B. Road," Thane (W)
"
#302, 4TH FLOOR, COLLINDALEZ APARTMENTS, MANIPAL COUNTY ROAD ,"SINGASANDRA
"
#36/5, HUSTLE HUB ONE EAST, SOMASANDRAPALYA, 27th MAIN ROAD, SECTOR 2," HSR LAYOUT
"
#558, Ground Floor, 6th Main, 11th Cross, Mico Layout," BTM
"
#58/167, Bhattu Street, Rayachoty," Kadapa District
"
#90, SR Naidu Layout, 8th Main, D.C. Road," Near Golden Park Apartment
"
009,Nandana Greens, Someshwara Layout, Bilekahalli,"
"
119, First Floor, Vishnuvardhana Road, Near St. Ann,s School, Akshaya Nagar," Begur
"
16 High Meadow, Chedlee Drive," Cheadle Hulme
"
17425 W Riverbirch Dr Apt #202 Brookfield - 53045, Wisconsin," USA
"
1869 38th A cross ,11th Main Near Shalini Grounds 4th T Block,"Jayanagar
"
203, Pruthvi Paradise, 1st Main, Krishna Raju Layout ," JP Ngar 7th Phase
"
209, Shravanthi Woods, Nobonagar, Canara Bank Layout, Kalena Agrahara," Bannerghatta Road
"
217, Mahaveer Wilton Apt, 22nd Main ," JP Nagar 5th Phase
"
219 BLOCK B,BANGUR AVENUE,SOUTH DUM DUM (M) BANGUR AVENUE,"NORTH 24
"
23, 2nd main, Coconut Garden ," Arekere
"
23, DLF Main Road, Near SBI Bank, Sugama Layout," Begur
"
2B, 101, AKME ENCORE, ITPL ROAD," BROOKEFIELDS
"
3/4, 2nd Floor, 5th Main, Bank of Baroda Colony, Puttanahalli," JP Nagar 7th Phase
"
303, JASMINE ESTEEM PARK APARTMENTS, ROSE GARDEN ROAD," J P NAGAR 5th PHASE
"
305,Mahaveer Regency,4th A Main,6Th Cross,Behind Purva Heights ,N.S Palya,"
"
47/A, 2nd Main, Anugraha Layout," Bilekahalli
"
85/4 & 85/5, SNS Ladies PGBNR emrald," next BNR Windsor building
"
87/1367 - 20 E , MARUTHI NAGAR," OPP VARTHA PREES
"
968 A ,11TH MAIN,5TH CROSS,VIJAYA BANK COLONY,"BILEKAHALLI
"
A-202- Hill Crest , House Of Hiranandani ," Akshay Nagar
"
A-206, Floriana Estate," Koramangala 3rd Block
"
A-206, Floriana Estate," Koramangala 3rd Block
"
A-304, Club Meadows, House Of Hiranandani , Akshaya Nagar ," Hulimavu
"
A-405, PURVA HEIGHTS APARTMENTS, BANNERGHATTA ROAD," BILEKAHALLI
"
A-704, Club Meadows , House of Hiranandani ," Akshaya Nagar
"
A/802, House of Hiranandani, Club Meadows," Akshayanagar
"
A1-115, DLF Westend Heights," Akshayanagar
"
B-1202 HILL CREST ,HOUSE OF HIRANANDANI ,AKSHAYA NAGAR,"BEGUR-HULIMAVU ROAD
"
B2 -801 L&T South City Arekere ,"Mico layout
"
B301, Vishwendra Apartments ," JP Nagar Phase -8
"
C-2001, Juniper Block, Salarpuria Sattva Greenage, Bommanahalli," Hosur Road
"
C-2003, Club Meadows, House of Hiranandani, Begur-Hulimavu Road," Akshaynagar
"
C-204, Mantri Elite," Bannergatta Road
"
C-403, Pride Apartments, Bannerghatta Main Road," Bilekkahalli
"
C/O Dr. Amit Bansal, Apollo Hospitals, 154/11, I.I.M.," Bannergatta Road
"
C/O KUNDAN KUMAR 28, 5TH FLOOR, FLAT No 501, 20th C 2nd CROSS, EJIPURA, NEXT To OLIVER APARTMENT, BANGALORE SOUTH," VIVEKNAGAR
"
C/O Mr. Sachin Nayak, Flat no : A-304, Lake Verandahs, House of Hiranandani ," Akshaya Nagar
"
c/o PALMETTO SPRING , No 430/2/165/13 &1 4,DORASANIPALAYA , B G Road," IIM B post
"
C/O Sh. Satish Pal, MP 1/2, Dabouli," Udyog Nagar
"
Capillary Technologies, Above Vishal Mega Mart, Hosur Road," HSR
"
Child care , Mahavir Tola, Arrah," Bhojpur
"
CLOCK CRUISE INTERNATIONAL PRIVATE LIMITED No : 22, Q Block, Bhavani HBCS, Kathriguppe," Banashankari 3rd Stage
"
CLOCK CRUISE INTERNATIONAL PRIVATE LIMITED No : 22, Q Block, Bhavani HBCS, Kathriguppe," Banashankari 3rd Stage
"
Club Meadows C -2301, House Of Hiranandani , Akshaya Nagar ,"
"
D-1301, Mantri Elegance," Bannergatta Road
"
D-1301, Mantri Elegance," Bannergatta Road
"
D-1301, Mantri Elegance," Bannergatta Road
"
D1-607, SNN Raj Serenity , Akshay Nagar ," Begur Koppa Road
"
D2-161, DLF Westend Heights," Akshayanagar
"
E 14 SHANKAR MUTT ROAD ,SHANKARPURAM ,BANGALORE SOUTH ,"BASAVANAGUDI
"
Flat No : 101, 1st Floor , 2nd Cross, Ragavendra Colony ," Bilekahalli
"
Flat no : 126, B-2 Wing, Malaprabha Block, National Games Village," Koramangala.
"
Flat no : 302 A, Ranka Colony, Billekahalli," Bannerghatta Road
"
Flat no : 302, 7 H.V Residency Virat Nagar , Bommanahalli ,"
"
Flat no : A -401," Mantri Alpyne Apartments . Dr Vishnuvardhan Road . Banashankari 5th Stage
"
Flat no : A 401, Hill Crest .House Of Hiranandani , Akshaya Naga, Hulimavu," Off Bannerghatta Road
"
Flat no : S-205, South Block, Suraksha Marvella, Nayanappanahalli Main Road,"
"
Flat No # 445, Block - 1, Mahaveer Calyx Apartment," Nyanappanahalli
"
FLAT No 105 , KEERTHI RESIDENCY ,"NEAR BUS STOP KODICHIKKANAHALLI
"
Flat no 106, Mithila Apartments, Guruwar Peth, Tilakwadi," Belgaum
"
Flat No 304, 3rd Floor, Meenakshi Comforts,MLA Layout,Kalena Agrahara," Bannerghatta Road
"
FLAT NO 304, SHRAVANTHI PARAMOUNT, NYANAPPANAHALLI MAIN ROAD , NEAR DLF JUNCTION ,"SOUTH BANGALORE
"
FLAT No 419 A, 4TH FLOOR, VAASTU LAVENDER , PHASE-2, BEHIND GLOBAL VILLAGE, MYLASANDRA ," BANGALORE SOUTH
"
"Flat No A-509 Aspen Woods Apartments Doddakamanhali Road
"
Flat No A2-012, DLF WESTEND HEIGHTS, Akshayanagar, Off Bannerghatta Road,"
"
FLAT No C2-154, DLF WESTEND HEIGHTS, NEWTOWN, BTM EXTENSION, AKSHAYNAGAR,"BANGALORE SOUTH
"
Flat No: 24/002, Mantri Residency , Bannerghatta Road,"
"
Flat No: B-404, Mahaveer Springs Apartment , 15th Main, 17th Cross," JP Nagar 5th Phase
"
Flat No. # A-901, Club Meadows Tower, House of Hiranandani, Akshaynagar," Hulimavu
"
Flat no. 272, Embassy Meadows, 1st Main, 8th Cross, 4th Block," Koramangala
"
Flat No. 504, Delta Forest Edge, 264 & 265 Panduranga Nagar," Bannergatta Road
"
Flat No. B-118, First Floor, CBR Aakruti, Hoodi," Tigalapalya
"
Flat no. S-205, Niranjan Nectar, 85 Bilekahalli Road, Near Someswara Temple, Bilekahalli," Bangalore South
"
H.No.# 498, Nazool Colony, In front of BSNL Tower,"
"
House no : 165/L,Ward no :31, Airport Road, Near OPD, Vidya Nagar 2nd cross, Bellary,"
"
House No 14," Tetulberia Garia
"
House no 3, Sumanasa Residency, 61, 1st Cross, 1st main, Kidwai Colony, Akshayanagar," Hulimavu
"
House no. 647, 11th Main, 5th Block," Jayanagar
"
House no. A-433," Ranka Colony
"
Im Asemwald 8," Stuttgart Germany 70599
"
Krishna House, 111," Commercial Street
"
Lakshmi Harinivas Apartment, Flat No. 405, Avani Sringeri Nagar, 3rd Cross Road Left, Nayanappanahalli," Bangalore
"
LOTUS -15 , 2nd CROSS, VEERABHADRA NAGAR,"NEAR BASAVANAGAR BUS STOP
"
N-22, Diamond District, Old Airport Road ,"
"
NC1/42, Vijaya Enclave," Bilekahalli
"
No 103, Chartered Humming Bird, 7th A Main, Balaji Layout," off Kanakpura Road
"
No 109,1st floor Vijaya Spring wood Apartments ,Manipal County Road ,"Singasandra
"
No 1703 'B' Wing 17th floor , Club Meadows , House of Hiranandani Akshaya Nagar," Bannerghatta Road
"
NO 45,3 B MAIN, CLASSIC PARADISE LAYOUT, BEGUR,"
"
No 90 Shaswathi Vilas Flat 306, 15th Main 17th Cross, Near Vijay Wheel Alignment ," J P Nagar 5th Phase
"
No-L82/B,5th Main 15th Cross,6th Sector,HSR Layout,"Bangalore South
"
No. 32, 21st Rama Temple Road," 2nd Chavara Ch. St. Ejipuram
"
No. 435, Bannergatta Road, IIMB Campus," Bilekahalli
"
NO.3, UDCT STAFF QUARTERS, UDCT ,MATUNGA," MUMBAI
"
No.306 , A Block,"Lotus Petal Apartment Doddakamanahalli
"
NO.41 ,NANJAPPA REDDY LAYOUT,8TH BLOCK,"KORAMANGALA
"
PH3, B-Block, Gurupriya Kiran, BTM 4th Stage," Nyanappanahalli
"
Plot no. A - 17/3, 2nd Cross, Andal Street, Alagappan Nagar, Madurai South," Madurai Palanganatham
"
Prasanna Ramadass, M/O Rosh P.R., Perumpully House, Swarga Nagar, Alapad PO," Thrissur
"
Ranka Colony, 3rd Floor," Bilekahalli
"
Ruby 604, My Home Jewel Apartments,Madinaguda," Miyapur
"
S/O SHEIKH A REHMAN, No 1120, ASHIANA , 21ST CROSS ,14TH MAIN,OPP UCO BANK,HSR LAYOUT,3RD SECTOR,BANGALORE SOUTH,"HSR LAYOUT
"
SA 2, G3, Vijaya Enclave, Vijaya Bank Layout, Bilekahalli," Bannergatta Road
"
splendid lakedews apartments, SY NO 8/1, C 202, 2ND Floor, vittasandra main road, Begur Village, Near New begur post office," Vittasandra
"
Sreehari Thavanur (P.O.), Moovankara," Malappuram (Dist.)
"
T-2, 3rd Floor, H.No. -22, 1st Main, 2nd Cross," Venkatadri Layout
"
Unit 05-01/03, 1 Changi Business Park Crescent," Plaza 8
"
Unit: 17-03, Tower-2B, The Bayshore, 34 Bayshore Road,"
"
Viola # 1801, Salarpuria Sattva Cadenza, Kudulu Gate," Hosur Main Road
"
"
"
